Workbook

Sheet Planilha1
A3: NOME DO ALUNO | B3: FILIAL | C3: CÓDIGO DO CURSO | D3: NOME DO CURSO | E3: VALOR MENSALIDADE
A4: Ana Maria Bernardes | B4: Vila Mariana | C4: 2 | D4: =VLOOKUP(C4,Planilha2!A$1:C$10,2,FALSE) -> Wod - básico | E4: =VLOOKUP(C4,Planilha2!A$1:C$10,3,TRUE) -> 180
A5: Beatriz | B5: Aclimação | C5: 3 | D5: =VLOOKUP(C5,Planilha2!A$1:C$10,2,FALSE) -> Word - Avançado | E5: =VLOOKUP(C5,Planilha2!A$1:C$10,3,TRUE) -> 270
A6: Diógenes Duarte Lima | B6: Vila Mariana | C6: 2 | D6: =VLOOKUP(C6,Planilha2!A$1:C$10,2,FALSE) -> Wod - básico | E6: =VLOOKUP(C6,Planilha2!A$1:C$10,3,TRUE) -> 180
A7: Fernando Coriolano | B7: Itaim Bibi | C7: 3 | D7: =VLOOKUP(C7,Planilha2!A$1:C$10,2,FALSE) -> Word - Avançado | E7: =VLOOKUP(C7,Planilha2!A$1:C$10,3,TRUE) -> 270
A8: Maria Carolina Braga | B8: Itaim Bibi | C8: 1 | D8: =VLOOKUP(C8,Planilha2!A$1:C$10,2,FALSE) -> Internet | E8: =VLOOKUP(C8,Planilha2!A$1:C$10,3,TRUE) -> 150
A9: Felipe dos Santos | B9: Aclimação | C9: 7 | D9: =VLOOKUP(C9,Planilha2!A$1:C$10,2,FALSE) -> Power point - Avançado | E9: =VLOOKUP(C9,Planilha2!A$1:C$10,3,TRUE) -> 170
A10: Vnderlei Higino | B10: Aclimação | C10: 1 | D10: =VLOOKUP(C10,Planilha2!A$1:C$10,2,FALSE) -> Internet | E10: =VLOOKUP(C10,Planilha2!A$1:C$10,3,TRUE) -> 150
A11: Rodrigo Maia | B11: Aclimação | C11: 4 | D11: =VLOOKUP(C11,Planilha2!A$1:C$10,2,FALSE) -> Excel - Basico | E11: =VLOOKUP(C11,Planilha2!A$1:C$10,3,TRUE) -> 200
A12: Alexandre Garcia Gomes | B12: Vila Mariana | C12: 6 | D12: =VLOOKUP(C12,Planilha2!A$1:C$10,2,FALSE) -> Power Point - Básico | E12: =VLOOKUP(C12,Planilha2!A$1:C$10,3,TRUE) -> 120
A13: Jussara Medeiros | B13: Itaim Bibi | C13: 6 | D13: =VLOOKUP(C13,Planilha2!A$1:C$10,2,FALSE) -> Power Point - Básico | E13: =VLOOKUP(C13,Planilha2!A$1:C$10,3,TRUE) -> 120
A14: Rogerio Dias | B14: Itaim Bibi | C14: 3 | D14: =VLOOKUP(C14,Planilha2!A$1:C$10,2,FALSE) -> Word - Avançado | E14: =VLOOKUP(C14,Planilha2!A$1:C$10,3,TRUE) -> 270
A15: Jaciara Yonh | B15: Itaim Bibi | C15: 8 | D15: =VLOOKUP(C15,Planilha2!A$1:C$10,2,FALSE) -> Access | E15: =VLOOKUP(C15,Planilha2!A$1:C$10,3,TRUE) -> 270
... A24: João Paulo Moreira | B24: Aclimação | C24: 7 | D24: =VLOOKUP(C24,Planilha2!A$1:C$10,2,FALSE) -> Power point - Avançado | E24: =VLOOKUP(C24,Planilha2!A$1:C$10,3,TRUE) -> 170

Sheet Planilha2
A1: Código | B1: Curso | C1: Mensalidade
A2: 1 | B2: Internet | C2: 150
A3: 2 | B3: Wod - básico | C3: 180
A4: 3 | B4: Word - Avançado | C4: 270
A5: 4 | B5: Excel - Basico | C5: 200
A6: 5 | B6: Excel - Avançado | C6: 250
A7: 6 | B7: Power Point - Básico | C7: 120
A8: 7 | B8: Power point - Avançado | C8: 170
A9: 8 | B9: Access | C9: 270
A10: 9 | B10: Access com VBA | C10: 320
