Workbook

Sheet Planilha1 (2)
A1: Controle de Faltas
B3: 1o. Bime4stre | C3: 2o. Bime4stre | D3: 3o. Bime4stre | E3: 4o. Bime4stre | F3: Total
A4: André Pinheiro | B4: 5 | C4: 3 | D4: 0 | E4: 3 | F4: =SUM(B4:E4) -> 11
A5: Daniel Mendes Rodrigues | B5: 2 | C5: 0 | D5: 0 | E5: 4 | F5: =SUM(B5:E5) -> 6
A6: Davi Pereira da Silva | B6: 6 | C6: 0 | D6: 0 | E6: 0 | F6: =SUM(B6:E6) -> 6
A7: José Nelson de Araújo | B7: 0 | C7: 0 | D7: 3 | E7: 0 | F7: =SUM(B7:E7) -> 3
A8: Lucas Camargo | B8: 4 | C8: 3 | D8: 1 | E8: 0 | F8: =SUM(B8:E8) -> 8
A9: Luis Enrico Pereira | B9: 3 | C9: 2 | D9: 5 | E9: 2 | F9: =SUM(B9:E9) -> 12
A10: Luis Gabriel Santos | B10: 2 | C10: 0 | D10: 0 | E10: 3 | F10: =SUM(B10:E10) -> 5
A11: Marcelo de Carvalho | B11: 0 | C11: 0 | D11: 0 | E11: 0 | F11: =SUM(B11:E11) -> 0
A12: Mariana Ferreira Mendonça | B12: 4 | C12: 7 | D12: 5 | E12: 6 | F12: =SUM(B12:E12) -> 22
A13: Pedro Ricardo Martelli | B13: 2 | C13: 2 | D13: 6 | E13: 0 | F13: =SUM(B13:E13) -> 10
A14: Simone Ferla | B14: 2 | C14: 2 | D14: 2 | E14: 2 | F14: =SUM(B14:E14) -> 8
A15: Danilo Freitas | B15: 6 | C15: 4 | D15: 3 | E15: 3 | F15: =SUM(B15:E15) -> 16
A16: Márcia de Oliveira | B16: 9 | C16: 0 | D16: 6 | E16: 3 | F16: =SUM(B16:E16) -> 18

Sheet Planilha 2
A1: Controle de Faltas
B3: 1o. Bime4stre | C3: 2o. Bime4stre | D3: 3o. Bime4stre | E3: 4o. Bime4stre | F3: Total
A4: andréa Pereira Nunes | B4: 1 | C4: 1 | D4: 3 | E4: 2 | F4: =SUM(B4:E4) -> 7
A5: Beatriz Gonçalves | B5: 1 | C5: 2 | D5: 0 | E5: 0 | F5: =SUM(B5:E5) -> 3
A6: Carlos Menezes | B6: 2 | C6: 2 | D6: 0 | E6: 2 | F6: =SUM(B6:E6) -> 6
A7: Daniele Ferreira | B7: 3 | C7: 0 | D7: 2 | E7: 3 | F7: =SUM(B7:E7) -> 8
A8: fábio Fernando Fernandez | B8: 4 | C8: 3 | D8: 2 | E8: 4 | F8: =SUM(B8:E8) -> 13
A9: Lauro Forte | B9: 0 | C9: 0 | D9: 3 | E9: 3 | F9: =SUM(B9:E9) -> 6
A10: Miguel Candiz | B10: 3 | C10: 5 | D10: 2 | E10: 4 | F10: =SUM(B10:E10) -> 14
A11: Paula Silva | B11: 0 | C11: 0 | D11: 0 | E11: 0 | F11: =SUM(B11:E11) -> 0
A12: Rafael Franzino | B12: 0 | C12: 0 | D12: 0 | E12: 4 | F12: =SUM(B12:E12) -> 4
A13: Rosimeire Souza | B13: 1 | C13: 1 | D13: 0 | E13: 1 | F13: =SUM(B13:E13) -> 3
A14: Tarcilia Bittencourt | B14: 2 | C14: 1 | D14: 3 | E14: 0 | F14: =SUM(B14:E14) -> 6
A15: Tania Barione | B15: 3 | C15: 5 | D15: 0 | E15: 0 | F15: =SUM(B15:E15) -> 8
A16: Verônica Damasceno | B16: 2 | C16: 0 | D16: 2 | E16: 3 | F16: =SUM(B16:E16) -> 7

Sheet Planilha 3
A1: Controle De Faltas
A3: Turma A | D3: Turma B
A4: André Pinheiro | B4: ='Planilha1 (2)'!F4 -> 11 | D4: Andréa Pereira Nunes | E4: ='Planilha 2'!F4 -> 7
A5: Daniel Mendes Rodrigues | B5: ='Planilha1 (2)'!F5 -> 6 | D5: Beatriz Gonçalvez | E5: ='Planilha 2'!F5 -> 3
A6: Daniel Mendes Rodrigues | B6: ='Planilha1 (2)'!F6 -> 6 | D6: Carlos Menezes | E6: ='Planilha 2'!F6 -> 6
A7: José Nelson de Araújo | B7: ='Planilha1 (2)'!F7 -> 3 | D7: Daniele Ferreira | E7: ='Planilha 2'!F7 -> 8
A8: Lucas Camargo | B8: ='Planilha1 (2)'!F8 -> 8 | D8: Fábio Fernando Fernandez | E8: ='Planilha 2'!F8 -> 13
A9: Luis Enrico Pereira | B9: ='Planilha1 (2)'!F9 -> 12 | D9: Lauro Forte | E9: ='Planilha 2'!F9 -> 6
A10: Luis Gabriel Santos | B10: ='Planilha1 (2)'!F10 -> 5 | D10: Miguel Candiz | E10: ='Planilha 2'!F10 -> 14
A11: Marcelo de Carvalho | B11: ='Planilha1 (2)'!F11 -> 0 | D11: Paula Silva | E11: ='Planilha 2'!F11 -> 0
A12: Mariana Ferreira Mendonça | B12: ='Planilha1 (2)'!F12 -> 22 | D12: Rafael Franzino | E12: ='Planilha 2'!F12 -> 4
A13: Pedro Ricardo Martelli | B13: ='Planilha1 (2)'!F13 -> 10 | D13: Rosimeire Souza | E13: ='Planilha 2'!F13 -> 3
A14: Simone Ferla | B14: ='Planilha1 (2)'!F14 -> 8 | D14: Tarcilia Bittencourt | E14: ='Planilha 2'!F14 -> 6
A15: Danilo Freitas | B15: ='Planilha1 (2)'!F15 -> 16 | D15: Tania Barione | E15: ='Planilha 2'!F15 -> 8
A16: Márcia de Oliveira | B16: ='Planilha1 (2)'!F16 -> 18 | D16: Verônica Damasceno | E16: ='Planilha 2'!F16 -> 7
A19: Maior Número d Faltas | B19: =MAX(B4:B18) -> 22 | D19: Maior Número de Faltas | E19: =MAX(E4:E18) -> 14
A20: Menor Número de Faltas | B20: =MIN(B4:B16) -> 0 | D20: Menor Número de Faltas | E20: =MIN(E4:E16) -> 0
A21: Média da Turma | B21: =AVERAGE(B4:B16) -> 9.6153846 | D21: Média da turma | E21: =AVERAGE(E4:E16) -> 6.5384615

Sheet Planilha6
A1: Avaliação e Trabalho de Geografia
A3: Alunos | B3: Nota da Prova Unificada | C3: Nota do Trabalho | D3: Média
A4: Antonietta Palladino | B4: 7 | C4: 7.5 | D4: =AVERAGE(B4:C4) -> 7.25
A5: Aroldo Ezequiel | B5: 6.5 | C5: 8.5 | D5: =AVERAGE(B5:C5) -> 7.5
A6: Aureo Gody | B6: 8.25 | C6: 7 | D6: =AVERAGE(B6:C6) -> 7.625
A7: Geni Paes | B7: 9 | C7: 8 | D7: =AVERAGE(B7:C7) -> 8.5
A8: Jose Nelson | B8: 6.5 | C8: 7.5 | D8: =AVERAGE(B8:C8) -> 7
A9: Lilian Rodrigues | B9: 8.75 | C9: 6 | D9: =AVERAGE(B9:C9) -> 7.375
A10: Lucas Camargo | B10: 5 | C10: 8 | D10: =AVERAGE(B10:C10) -> 6.5
A11: Márcia Beatriz | B11: 5.75 | C11: 6.5 | D11: =AVERAGE(B11:C11) -> 6.125
A12: Márcia de Camargo | B12: 7 | C12: 8.25 | D12: =AVERAGE(B12:C12) -> 7.625
A13: Pedro Ricardo | B13: 7.5 | C13: 7.5 | D13: =AVERAGE(B13:C13) -> 7.5
A14: Rosalina Ferla | B14: 5 | C14: 9.5 | D14: =AVERAGE(B14:C14) -> 7.25
A15: Silvia Regina | B15: 10 | C15: 8 | D15: =AVERAGE(B15:C15) -> 9
A16: Telma Godoy | B16: 8.5 | C16: 8 | D16: =AVERAGE(B16:C16) -> 8.25
A18: Maior Média | B18: =MAX(D4:D16) -> 9
A19: Menor Média | B19: =MIN(D4:D16) -> 6.125
